{"cameraMode":{"drawMode":0,"name":"Shaded","section":"Shading Mode"},"sceneLighting":true,"audioPlay":false,"sceneViewState":{"showFog":true,"showMaterialUpdate":false,"showSkybox":true,"showFlares":true,"showImageEffects":true,"showParticleSystems":true},"in2DMode":false,"pivot":{"x":15.951162338256836,"y":-6.390128135681152,"z":-36.30167770385742},"rotation":{"x":-0.14428311586380006,"y":-0.2645843029022217,"z":0.040071770548820499,"w":-0.9526662826538086},"size":17.61939239501953,"orthographic":false}