{"cameraMode":{"drawMode":1,"name":"Wireframe","section":"Shading Mode"},"sceneLighting":true,"audioPlay":false,"sceneViewState":{"showFog":true,"showMaterialUpdate":false,"showSkybox":true,"showFlares":true,"showImageEffects":true,"showParticleSystems":true},"in2DMode":false,"pivot":{"x":15.95622730255127,"y":5.964946269989014,"z":12.97475528717041},"rotation":{"x":-0.10490137338638306,"y":0.17712655663490296,"z":-0.018991874530911447,"w":-0.9783996939659119},"size":4.547000408172607,"orthographic":false}